region,ancova_group_F,ancova_group_p,partial_eta2,p_fdr
Frontal,4.021602304564117,0.009175425152863223,0.09347867325103021,0.045877125764316115
Parietal,0.6133655384460451,0.6076633111681156,0.015483802754672643,0.6076633111681156
Temporal,2.1012918620185594,0.1038098589869894,0.05112471571630453,0.2416508868633737
Occipital,1.832846846984154,0.1449905321180242,0.04488658000879811,0.2416508868633737
Insula,1.5300760207846025,0.21037312146041284,0.037751619809445955,0.26296640182551606
