outcome,col,oneway_anova_p,kruskal_p,ancova_group_F,ancova_group_p,partial_eta2,resid_shapiro_p,levene_p,age_p,sex_p,handedness_p,ancova_p_fdr
ePVS density,log_density,0.0038724864779359582,0.013609470894596123,3.5631652977777795,0.016388064592117224,0.08371476305508256,0.10586232891634534,0.9611908904743772,1.407809202767257e-06,0.05333015753945089,0.40993304947933146,0.04916419377635167
ePVS volume fraction,log_vol_fraction,0.21209553169568282,0.22541047069960757,0.9383041598795104,0.4245866735709627,0.02349384080313793,0.9112485364824199,0.8561567554797478,0.0005073138450839695,0.0003275952392588296,0.09276568547472194,0.636880010356444
ePVS diameter,diameter_nozeros,0.9703502605770385,0.9982953718457408,0.306660688105207,0.8205303335830267,0.007801748679149619,0.11013119004064476,0.47660794625464853,0.22105962308081611,0.0030054211016152924,0.23528857824724755,0.8205303335830267
